{
  "Adler Mannheim": 0.9840657928553072,
  "Augsburger Panther": 1.0,
  "D\u00fcsseldorfer EG": 1.0338073128264653,
  "EHC Red Bull M\u00fcnchen": 0.920098966671518,
  "ERC Ingolstadt": 0.719369894982497,
  "Eisb\u00e4ren Berlin": 1.2778114448965459,
  "Iserlohn Roosters": 1.1156896885277616,
  "K\u00f6lner Haie": 1.0,
  "L\u00f6wen Frankfurt": 1.03852473982107,
  "N\u00fcrnberg Ice Tigers": 1.4048030739673392,
  "Pinguins Bremerhaven": 1.0,
  "SC Bietigheim Steelers": 1.2258527827648116,
  "Schwenninger Wild Wings": 1.0801131008482563,
  "Straubing Tigers": 0.9829862129656791
}