{
  "Adler Mannheim": 1898.5,
  "Augsburger Panther": 1344.8333333333333,
  "D\u00fcsseldorfer EG": 2028.2,
  "EHC Red Bull M\u00fcnchen": 1618.0,
  "ERC Ingolstadt": 1613.6666666666667,
  "Eisb\u00e4ren Berlin": 2443.285714285714,
  "Iserlohn Roosters": 1699.5,
  "K\u00f6lner Haie": 2094.8333333333335,
  "L\u00f6wen Frankfurt": 1478.6666666666667,
  "N\u00fcrnberg Ice Tigers": 1291.4,
  "Pinguins Bremerhaven": 2247.6,
  "SC Bietigheim Steelers": 1392.5,
  "Schwenninger Wild Wings": 1310.1666666666667,
  "Straubing Tigers": 1329.0
}