{
  "Adler Mannheim": 1945.5,
  "Augsburger Panther": 1332.0,
  "D\u00fcsseldorfer EG": 2297.3333333333335,
  "EHC Red Bull M\u00fcnchen": 1717.75,
  "ERC Ingolstadt": 1714.0,
  "Eisb\u00e4ren Berlin": 2310.2,
  "Iserlohn Roosters": 1723.0,
  "K\u00f6lner Haie": 2152.0,
  "L\u00f6wen Frankfurt": 1369.25,
  "N\u00fcrnberg Ice Tigers": 1301.25,
  "Pinguins Bremerhaven": 2110.6666666666665,
  "SC Bietigheim Steelers": 1392.5,
  "Schwenninger Wild Wings": 1061.0,
  "Straubing Tigers": 1136.3333333333333
}